{"cameraMode":{"drawMode":0,"name":"Shaded","section":"Shading Mode"},"sceneLighting":true,"audioPlay":false,"sceneViewState":{"m_AlwaysRefresh":false,"showFog":true,"showSkybox":true,"showFlares":true,"showImageEffects":true,"showParticleSystems":true,"showVisualEffectGraphs":true,"m_FxEnabled":true},"in2DMode":false,"pivot":{"x":-40.99779510498047,"y":-159.68997192382813,"z":130.51968383789063},"rotation":{"x":0.45005983114242556,"y":0.008073505945503712,"z":-0.00392423989251256,"w":0.8930502533912659},"size":129.85829162597657,"orthographic":false}